timestamp,transmission_log
2026-02-17 14:00:00,[ERROR] nFbm
2026-02-17 14:00:01,[TRACE] nKYaXRv
2026-02-17 14:00:02,[DEBUG] 7uff0
2026-02-17 14:00:03,[TRACE] YTH8xI
2026-02-17 14:00:04,[TRACE] wleOV911xC
2026-02-17 14:00:05,[WARNING] wmq6O
2026-02-17 14:00:06,[TRACE] kTkx9NIQ0
2026-02-17 14:00:07,[ERROR] YXye4
2026-02-17 14:00:08,[TRACE] tOy4CqpIq
2026-02-17 14:00:09,[TRACE] 3yn9Ffc
2026-02-17 14:00:10,[ERROR] MXAdx
2026-02-17 14:00:11,[INFO] pI6Qh2UV
2026-02-17 14:00:12,[WARNING] sjaS
2026-02-17 14:00:13,[WARNING] VFgM0Fmx
2026-02-17 14:00:14,[DEBUG] 754LEgw9
2026-02-17 14:00:15,[WARNING] d26fE
2026-02-17 14:00:16,[ERROR] HhO6kGL75U
2026-02-17 14:00:17,[DEBUG] t9OBGhnuK
2026-02-17 14:00:18,[DEBUG] neNo41eo
2026-02-17 14:00:19,[INFO] HS2Jp
2026-02-17 14:00:20,[INFO] zfOvz1dOOd
2026-02-17 14:00:21,[WARNING] 1plBArp5B1
2026-02-17 14:00:22,[TRACE] d9Z8
2026-02-17 14:00:23,[DEBUG] zD13k
2026-02-17 14:00:24,[ERROR] qWCA79I
2026-02-17 14:00:25,[INFO] lndTd
2026-02-17 14:00:26,[WARNING] dD5G
2026-02-17 14:00:27,[ERROR] elKPoh3p
2026-02-17 14:00:28,[TRACE] MzKG
2026-02-17 14:00:29,[WARNING] PtqiO
2026-02-17 14:00:30,[INFO] 56aMIg
2026-02-17 14:00:31,[TRACE] Fivep
2026-02-17 14:00:32,[WARNING] BHs8Y
2026-02-17 14:00:33,[CRITICAL] THAT
2026-02-17 14:00:34,[TRACE] PI5g
2026-02-17 14:00:35,[DEBUG] hgIqLS
2026-02-17 14:00:36,[DEBUG] NqE40fAra
2026-02-17 14:00:37,[DEBUG] 8kBRIg6Qj
2026-02-17 14:00:38,[ERROR] wIAcw58cwQ
2026-02-17 14:00:39,[ERROR] W2zMj5
2026-02-17 14:00:40,[DEBUG] Y2bTu5X1Yq
2026-02-17 14:00:41,[ERROR] 21nYCsX
2026-02-17 14:00:42,[DEBUG] blu17
2026-02-17 14:00:43,[WARNING] Ny8H6h
2026-02-17 14:00:44,[WARNING] J8cKv
2026-02-17 14:00:45,[WARNING] LFxJpRa
2026-02-17 14:00:46,[TRACE] SUPwePut0
2026-02-17 14:00:47,[WARNING] tzyshA6P
2026-02-17 14:00:48,[DEBUG] JzZsnWLt
2026-02-17 14:00:49,[INFO] PFX7TOr
2026-02-17 14:00:50,[TRACE] f7otYj
2026-02-17 14:00:51,[ERROR] 9LVC2
2026-02-17 14:00:52,[TRACE] SxyjQ
2026-02-17 14:00:53,[ERROR] Ak7Gdp0CXP
2026-02-17 14:00:54,[TRACE] tUBY3A4B
2026-02-17 14:00:55,[DEBUG] 1BU0rWEoB
2026-02-17 14:00:56,[WARNING] qtHio
2026-02-17 14:00:57,[DEBUG] nzuCdZyV6
2026-02-17 14:00:58,[ERROR] 2JD6sy3ZHT
2026-02-17 14:00:59,[TRACE] EqEyP
2026-02-17 14:01:00,[INFO] kChMbyIbN
2026-02-17 14:01:01,[DEBUG] CdxnuVxUZp
2026-02-17 14:01:02,[ERROR] bH9vOWO
2026-02-17 14:01:03,[ERROR] mbjhP
2026-02-17 14:01:04,[TRACE] CpwL7
2026-02-17 14:01:05,[ERROR] Y7gbtP7ySe
2026-02-17 14:01:06,[DEBUG] RsQX
2026-02-17 14:01:07,[TRACE] cHPeOaAEAw
2026-02-17 14:01:08,[INFO] jkGOM5WCZ
2026-02-17 14:01:09,[TRACE] tp5rBU
2026-02-17 14:01:10,[TRACE] PuEuEvqr
2026-02-17 14:01:11,[TRACE] 2IGlozIoD
2026-02-17 14:01:12,[INFO] XfnQsKD
2026-02-17 14:01:13,[TRACE] AUuRqp
2026-02-17 14:01:14,[ERROR] lhHVlnES8
2026-02-17 14:01:15,[TRACE] rgmolaHr
2026-02-17 14:01:16,[ERROR] s6NUgarD
2026-02-17 14:01:17,[WARNING] 7p1he
2026-02-17 14:01:18,[INFO] JQjY
2026-02-17 14:01:19,[WARNING] 9hVL
2026-02-17 14:01:20,[TRACE] Wx4sK
2026-02-17 14:01:21,[INFO] Jd7gVM
2026-02-17 14:01:22,[WARNING] foIjzQDcr
2026-02-17 14:01:23,[WARNING] 1eoqXKXmh
2026-02-17 14:01:24,[DEBUG] jqidXKZ5B
2026-02-17 14:01:25,[INFO] syqHBL3TL
2026-02-17 14:01:26,[ERROR] oP1K
2026-02-17 14:01:27,[ERROR] PqcUDO4lKN
2026-02-17 14:01:28,[INFO] Dztg
2026-02-17 14:01:29,[DEBUG] zEPyVc
2026-02-17 14:01:30,[ERROR] phV1Za
2026-02-17 14:01:31,[TRACE] zlwUMVm
2026-02-17 14:01:32,[TRACE] 5BRh8
2026-02-17 14:01:33,[TRACE] ojIIf94ChZ
2026-02-17 14:01:34,[INFO] sRzDDCilL
2026-02-17 14:01:35,[DEBUG] eV0vWqaTZJ
2026-02-17 14:01:36,[INFO] jHvIHCtlRJ
2026-02-17 14:01:37,[DEBUG] WcURYxPY8E
2026-02-17 14:01:38,[ERROR] FK12B
2026-02-17 14:01:39,[TRACE] ai18eWq
2026-02-17 14:01:40,[TRACE] yeuPH7M3E
2026-02-17 14:01:41,[TRACE] MoQr
2026-02-17 14:01:42,[DEBUG] f8VRgksbu
2026-02-17 14:01:43,[ERROR] wApzQl
2026-02-17 14:01:44,[DEBUG] LxQE
2026-02-17 14:01:45,[TRACE] oNCP3
2026-02-17 14:01:46,[INFO] QjBvKN
2026-02-17 14:01:47,[INFO] p0mxDoJJ9
2026-02-17 14:01:48,[WARNING] 8OrJ
2026-02-17 14:01:49,[ERROR] UZ3WoXnl
2026-02-17 14:01:50,[WARNING] UVQigMcWc
2026-02-17 14:01:51,[WARNING] i4uzmW2wF
2026-02-17 14:01:52,[WARNING] k467s1XDeU
2026-02-17 14:01:53,[DEBUG] PPy0Ifyqhw
2026-02-17 14:01:54,[WARNING] xNxPDM6u
2026-02-17 14:01:55,[TRACE] ONCRO
2026-02-17 14:01:56,[ERROR] cc9ho
2026-02-17 14:01:57,[TRACE] yx6RH
2026-02-17 14:01:58,[TRACE] T2OZM6rQn
2026-02-17 14:01:59,[INFO] 1gQH8
2026-02-17 14:02:00,[WARNING] ylh0
2026-02-17 14:02:01,[INFO] PNLb
2026-02-17 14:02:02,[WARNING] 9WmZI
2026-02-17 14:02:03,[TRACE] YoWWK
2026-02-17 14:02:04,[WARNING] 99HXg1iwWK
2026-02-17 14:02:05,[ERROR] qhAhd
2026-02-17 14:02:06,[INFO] wKCnMT4OsN
2026-02-17 14:02:07,[ERROR] 90Ag
2026-02-17 14:02:08,[INFO] 3tjh
2026-02-17 14:02:09,[TRACE] KSxLsFAXh
2026-02-17 14:02:10,[TRACE] 1A3zZyTtt
2026-02-17 14:02:11,[WARNING] 7QDffA
2026-02-17 14:02:12,[WARNING] id7IPz26A4
2026-02-17 14:02:13,[ERROR] LvJnOn
2026-02-17 14:02:14,[ERROR] 0wVJY0
2026-02-17 14:02:15,[TRACE] PILOQbqV
2026-02-17 14:02:16,[WARNING] a1JyiN
2026-02-17 14:02:17,[ERROR] UnAv
2026-02-17 14:02:18,[WARNING] SWJfdj
2026-02-17 14:02:19,[TRACE] PqPE
2026-02-17 14:02:20,[INFO] qUhArQE
2026-02-17 14:02:21,[WARNING] n9dm
2026-02-17 14:02:22,[DEBUG] ipuaUkxRFZ
2026-02-17 14:02:23,[WARNING] yUBC
2026-02-17 14:02:24,[ERROR] tAzNrz7k6C
2026-02-17 14:02:25,[WARNING] BgBy
2026-02-17 14:02:26,[ERROR] 1UnWeNG
2026-02-17 14:02:27,[DEBUG] vTYYojmLVO
2026-02-17 14:02:28,[DEBUG] MCIJQ2N9u8
2026-02-17 14:02:29,[WARNING] BDNXK
2026-02-17 14:02:30,[WARNING] eCcwrN8f
2026-02-17 14:02:31,[TRACE] xJ7Tc4Jl
2026-02-17 14:02:32,[TRACE] F7BYZ8f
2026-02-17 14:02:33,[DEBUG] pBBG
2026-02-17 14:02:34,[DEBUG] xrzuLW
2026-02-17 14:02:35,[WARNING] uIxp
2026-02-17 14:02:36,[TRACE] jfP4tOPhRf
2026-02-17 14:02:37,[TRACE] NuhR694
2026-02-17 14:02:38,[ERROR] PFbt6vVl9
2026-02-17 14:02:39,[DEBUG] sWFH
2026-02-17 14:02:40,[TRACE] P2ML
2026-02-17 14:02:41,[DEBUG] lQM3S
2026-02-17 14:02:42,[ERROR] wS8LUWo
2026-02-17 14:02:43,[DEBUG] 7W4mQJ
2026-02-17 14:02:44,[INFO] VWFzkmL
2026-02-17 14:02:45,[WARNING] N2Ig
2026-02-17 14:02:46,[TRACE] hfjBFZf4Y2
2026-02-17 14:02:47,[ERROR] dFo9xb5
2026-02-17 14:02:48,[WARNING] jc4DZVDM4b
2026-02-17 14:02:49,[DEBUG] j6LAWohoNM
2026-02-17 14:02:50,[ERROR] ZEHN
2026-02-17 14:02:51,[TRACE] SsavJ
2026-02-17 14:02:52,[DEBUG] PGw7HWFb2
2026-02-17 14:02:53,[ERROR] xxUweoOgK
2026-02-17 14:02:54,[WARNING] cHYkW
2026-02-17 14:02:55,[INFO] DliS6cmX2
2026-02-17 14:02:56,[WARNING] F9HpUl
2026-02-17 14:02:57,[WARNING] W1uhw3U3x8
2026-02-17 14:02:58,[INFO] E5GXTeLYH
2026-02-17 14:02:59,[WARNING] eOtL
2026-02-17 14:03:00,[INFO] Qvc1v
2026-02-17 14:03:01,[INFO] NXdPzF
2026-02-17 14:03:02,[DEBUG] iLWc
2026-02-17 14:03:03,[ERROR] WwxJL
2026-02-17 14:03:04,[INFO] xVJGyO
2026-02-17 14:03:05,[DEBUG] blG4
2026-02-17 14:03:06,[ERROR] WRnLR9
2026-02-17 14:03:07,[DEBUG] iekS
2026-02-17 14:03:08,[ERROR] Q0tveH30S5
2026-02-17 14:03:09,[DEBUG] wn9XoEwJC8
2026-02-17 14:03:10,[DEBUG] 2eySDzzJ
2026-02-17 14:03:11,[DEBUG] NBQv2W
2026-02-17 14:03:12,[TRACE] ViF1Z
2026-02-17 14:03:13,[TRACE] sk5n6
2026-02-17 14:03:14,[TRACE] 0pNIhs
2026-02-17 14:03:15,[TRACE] Fk6j
2026-02-17 14:03:16,[TRACE] 3u5c1f6Vq
2026-02-17 14:03:17,[DEBUG] JMb3HNspYz
2026-02-17 14:03:18,[INFO] QjzC
2026-02-17 14:03:19,[WARNING] i1t9vyVF
2026-02-17 14:03:20,[ERROR] ohBid6
2026-02-17 14:03:21,[TRACE] p1juJtV
2026-02-17 14:03:22,[INFO] C2EfyCoK
2026-02-17 14:03:23,[ERROR] rL0P
2026-02-17 14:03:24,[WARNING] agiqwzcd
2026-02-17 14:03:25,[TRACE] wrxBI
2026-02-17 14:03:26,[TRACE] Lhfx9IwiL
2026-02-17 14:03:27,[INFO] ccSXGj3i
2026-02-17 14:03:28,[TRACE] k9TsuZ
2026-02-17 14:03:29,[TRACE] RsYwP8K
2026-02-17 14:03:30,[ERROR] D7WWJSKk
2026-02-17 14:03:31,[TRACE] 0jQb6gbtjQ
2026-02-17 14:03:32,[INFO] W52Tdimu
2026-02-17 14:03:33,[INFO] x7CHHP1Q
2026-02-17 14:03:34,[WARNING] E7rs68VR
2026-02-17 14:03:35,[INFO] DI5SrJ
2026-02-17 14:03:36,[TRACE] 3yvVjc7
2026-02-17 14:03:37,[ERROR] 5OUnZq
2026-02-17 14:03:38,[TRACE] qgTod4nog
2026-02-17 14:03:39,[WARNING] DQi78jO2D
2026-02-17 14:03:40,[DEBUG] 7tO4fJHS64
2026-02-17 14:03:41,[DEBUG] 2k59yE6
2026-02-17 14:03:42,[WARNING] aJg8
2026-02-17 14:03:43,[WARNING] 9HE60Dl
2026-02-17 14:03:44,[ERROR] kCplTX
2026-02-17 14:03:45,[TRACE] Uk13ZFfPl
2026-02-17 14:03:46,[DEBUG] upqoU7s
2026-02-17 14:03:47,[TRACE] qwoP
2026-02-17 14:03:48,[INFO] jQ53VQ
2026-02-17 14:03:49,[WARNING] MnijUL
2026-02-17 14:03:50,[INFO] IDHPnpU2f
2026-02-17 14:03:51,[INFO] ReIdHFJj
2026-02-17 14:03:52,[WARNING] GhmKfFYCFC
2026-02-17 14:03:53,[ERROR] CYSyYUJc
2026-02-17 14:03:54,[WARNING] d95e5bzVV
2026-02-17 14:03:55,[INFO] 9x14xQ
2026-02-17 14:03:56,[TRACE] OvlHG
2026-02-17 14:03:57,[DEBUG] absPHGZpvr
2026-02-17 14:03:58,[ERROR] YzV2
2026-02-17 14:03:59,[ERROR] mgcLR
2026-02-17 14:04:00,[ERROR] Tyon1
2026-02-17 14:04:01,[ERROR] FrYTt
2026-02-17 14:04:02,[TRACE] PtsiOnsd62
2026-02-17 14:04:03,[DEBUG] QIcvNxGRz
2026-02-17 14:04:04,[WARNING] lHon1iC
2026-02-17 14:04:05,[ERROR] zzGypueB
2026-02-17 14:04:06,[WARNING] HZdx
2026-02-17 14:04:07,[TRACE] ceXKPnm4
2026-02-17 14:04:08,[WARNING] nlTU
2026-02-17 14:04:09,[INFO] RRyot
2026-02-17 14:04:10,[WARNING] COtw2CX
2026-02-17 14:04:11,[INFO] 04wzInjq5J
2026-02-17 14:04:12,[INFO] juxZEO
2026-02-17 14:04:13,[WARNING] VESTCT
2026-02-17 14:04:14,[WARNING] iHl39
2026-02-17 14:04:15,[ERROR] c06PVz0o
2026-02-17 14:04:16,[DEBUG] nCdN
2026-02-17 14:04:17,[TRACE] OaGzbSH
2026-02-17 14:04:18,[WARNING] FRA6
2026-02-17 14:04:19,[DEBUG] 4GoM
2026-02-17 14:04:20,[WARNING] vXe7CpRsZe
2026-02-17 14:04:21,[ERROR] zxDN
2026-02-17 14:04:22,[DEBUG] EAWJ
2026-02-17 14:04:23,[ERROR] 4o3QJq5Q
2026-02-17 14:04:24,[WARNING] Ic5t7KUS
2026-02-17 14:04:25,[INFO] sIJ0
2026-02-17 14:04:26,[TRACE] xTXQeU
2026-02-17 14:04:27,[WARNING] goeL
2026-02-17 14:04:28,[TRACE] yVbq9Ew6
2026-02-17 14:04:29,[INFO] QOfMX
2026-02-17 14:04:30,[ERROR] qxWj
2026-02-17 14:04:31,[INFO] wf6BVg
2026-02-17 14:04:32,[ERROR] AIFgf
2026-02-17 14:04:33,[TRACE] LW1a
2026-02-17 14:04:34,[INFO] WSI9pGQ
2026-02-17 14:04:35,[DEBUG] qqjkr
2026-02-17 14:04:36,[WARNING] Ww6SEMC
2026-02-17 14:04:37,[DEBUG] ay0x1B
2026-02-17 14:04:38,[INFO] ZOKsLRDlyt
2026-02-17 14:04:39,[INFO] WurWw5m9
2026-02-17 14:04:40,[DEBUG] VbT6mXZe0
2026-02-17 14:04:41,[INFO] ENpOSWe9D
2026-02-17 14:04:42,[INFO] F5QHXw3H
2026-02-17 14:04:43,[ERROR] VOwO
2026-02-17 14:04:44,[ERROR] 8QyU7Aaq
2026-02-17 14:04:45,[TRACE] GJJByVKFv
2026-02-17 14:04:46,[ERROR] gz7h6it
2026-02-17 14:04:47,[INFO] mDDBRtsYh0
2026-02-17 14:04:48,[ERROR] X5TFIuACX
2026-02-17 14:04:49,[DEBUG] NAbMm
2026-02-17 14:04:50,[TRACE] yRmUYdg
2026-02-17 14:04:51,[TRACE] wmhPE
2026-02-17 14:04:52,[WARNING] yyhvCkPX
2026-02-17 14:04:53,[TRACE] fihslQFz
2026-02-17 14:04:54,[DEBUG] xlNQO9IE
2026-02-17 14:04:55,[DEBUG] tBdwa
2026-02-17 14:04:56,[DEBUG] Y7FEQ
2026-02-17 14:04:57,[INFO] 0EfbVsrHk
2026-02-17 14:04:58,[INFO] UVIhhWZw
2026-02-17 14:04:59,[ERROR] SH9gZUs9Bv
2026-02-17 14:05:00,[ERROR] 1hYnTQ1
2026-02-17 14:05:01,[TRACE] AMWYXJHLk
2026-02-17 14:05:02,[WARNING] J7F3Yi
2026-02-17 14:05:03,[INFO] 91h1
2026-02-17 14:05:04,[DEBUG] SZVPE
2026-02-17 14:05:05,[TRACE] qzCN2fFr6
2026-02-17 14:05:06,[WARNING] 6uaVTTC
2026-02-17 14:05:07,[WARNING] dHnAnqZuJJ
2026-02-17 14:05:08,[INFO] vQdgWCh1Ba
2026-02-17 14:05:09,[INFO] 942s2
2026-02-17 14:05:10,[WARNING] Opx4
2026-02-17 14:05:11,[DEBUG] ysRo
2026-02-17 14:05:12,[ERROR] fneKGBavh
2026-02-17 14:05:13,[INFO] iexTgt2iV
2026-02-17 14:05:14,[DEBUG] 9iGaOBSMj
2026-02-17 14:05:15,[INFO] Q1fgUKx7
2026-02-17 14:05:16,[WARNING] irfILLWQ0O
2026-02-17 14:05:17,[WARNING] GFUsd
2026-02-17 14:05:18,[DEBUG] xoNe3aw
2026-02-17 14:05:19,[WARNING] x0AHk
2026-02-17 14:05:20,[INFO] eKan56yrSV
2026-02-17 14:05:21,[INFO] yNHjfe58j
2026-02-17 14:05:22,[WARNING] KVONtB7
2026-02-17 14:05:23,[DEBUG] p5hL
2026-02-17 14:05:24,[ERROR] POkaia
2026-02-17 14:05:25,[INFO] GWSkhW
2026-02-17 14:05:26,[WARNING] 2VbYqdSJe
2026-02-17 14:05:27,[INFO] wEJwpgJS
2026-02-17 14:05:28,[DEBUG] Fc1pDxj51
2026-02-17 14:05:29,[TRACE] 4TAtzSqexF
2026-02-17 14:05:30,[ERROR] nFcy2
2026-02-17 14:05:31,[WARNING] 0uIamIsMCK
2026-02-17 14:05:32,[INFO] WTHXj5bHNQ
2026-02-17 14:05:33,[ERROR] aO0TgG
2026-02-17 14:05:34,[DEBUG] Ed9Sf53
2026-02-17 14:05:35,[TRACE] Rx8ffiY
2026-02-17 14:05:36,[ERROR] JA7oqtXR
2026-02-17 14:05:37,[WARNING] Co6iVg
2026-02-17 14:05:38,[ERROR] BthwV
2026-02-17 14:05:39,[INFO] C0fYsR
2026-02-17 14:05:40,[TRACE] n1jS
2026-02-17 14:05:41,[WARNING] FPq9bzC
2026-02-17 14:05:42,[TRACE] fgXhd
2026-02-17 14:05:43,[DEBUG] myQ6f
2026-02-17 14:05:44,[TRACE] 4e9mOY
2026-02-17 14:05:45,[ERROR] ZucCkJYybQ
2026-02-17 14:05:46,[DEBUG] nlr2cM
2026-02-17 14:05:47,[DEBUG] szIdrim2G
2026-02-17 14:05:48,[TRACE] bxSDWvJtqb
2026-02-17 14:05:49,[TRACE] bYrYD
2026-02-17 14:05:50,[WARNING] KojpoHXTV6
2026-02-17 14:05:51,[TRACE] 8y59kotTwK
2026-02-17 14:05:52,[WARNING] IIl92EtE
2026-02-17 14:05:53,[ERROR] onGa
2026-02-17 14:05:54,[TRACE] XvlX1
2026-02-17 14:05:55,[ERROR] jRig
2026-02-17 14:05:56,[TRACE] weRPKuu8TB
2026-02-17 14:05:57,[INFO] tRI3MwPYx
2026-02-17 14:05:58,[WARNING] laRJ0
2026-02-17 14:05:59,[TRACE] ltYL
2026-02-17 14:06:00,[TRACE] 6iUo
2026-02-17 14:06:01,[WARNING] N7YPT
2026-02-17 14:06:02,[WARNING] anQvWSc
2026-02-17 14:06:03,[INFO] Akz2vxZWJ
2026-02-17 14:06:04,[DEBUG] BXcbq
2026-02-17 14:06:05,[ERROR] v3je
2026-02-17 14:06:06,[ERROR] KMDb6k
2026-02-17 14:06:07,[INFO] du8zI
2026-02-17 14:06:08,[TRACE] OsfyIE
2026-02-17 14:06:09,[ERROR] afZMDg
2026-02-17 14:06:10,[DEBUG] N8DhW
2026-02-17 14:06:11,[INFO] 3qNyxxl
2026-02-17 14:06:12,[ERROR] BqZIjR
2026-02-17 14:06:13,[ERROR] PYzU
2026-02-17 14:06:14,[DEBUG] dyG7Q6Jo
2026-02-17 14:06:15,[WARNING] y0cJ
2026-02-17 14:06:16,[TRACE] J8j6B6knlc
2026-02-17 14:06:17,[ERROR] A9MZp44ey
2026-02-17 14:06:18,[INFO] urC2WMGA
2026-02-17 14:06:19,[INFO] jKV65
2026-02-17 14:06:20,[TRACE] grHvzxELcr
2026-02-17 14:06:21,[DEBUG] LRc3uoU5
2026-02-17 14:06:22,[WARNING] uXt0
2026-02-17 14:06:23,[ERROR] osUVtTLfB4
2026-02-17 14:06:24,[INFO] EGxdXeRzW
2026-02-17 14:06:25,[TRACE] blZZpC4R
2026-02-17 14:06:26,[WARNING] ZFNhbx
2026-02-17 14:06:27,[TRACE] l1Kvk3U
2026-02-17 14:06:28,[ERROR] bd0Wnn
2026-02-17 14:06:29,[DEBUG] mOF17QDik
2026-02-17 14:06:30,[ERROR] pXs7N
2026-02-17 14:06:31,[INFO] 0CnsGMK
2026-02-17 14:06:32,[ERROR] 970IKrQD
2026-02-17 14:06:33,[WARNING] N1qS3s
2026-02-17 14:06:34,[DEBUG] V3XXLOQS
2026-02-17 14:06:35,[INFO] qzycRJ
2026-02-17 14:06:36,[DEBUG] TnHW4P
2026-02-17 14:06:37,[TRACE] 002lgh
2026-02-17 14:06:38,[WARNING] YVlQufwUt
2026-02-17 14:06:39,[WARNING] qs0D1K
2026-02-17 14:06:40,[TRACE] DmhQ
2026-02-17 14:06:41,[TRACE] z1j9v9
2026-02-17 14:06:42,[INFO] tSWEN
2026-02-17 14:06:43,[DEBUG] NaqVkV
2026-02-17 14:06:44,[INFO] VfMNz7xcmx
2026-02-17 14:06:45,[ERROR] UGbaTo
2026-02-17 14:06:46,[WARNING] hxKkZs
2026-02-17 14:06:47,[WARNING] TKu39v3
2026-02-17 14:06:48,[WARNING] l64zoTiTKk
2026-02-17 14:06:49,[WARNING] Oc2pHd9PO
2026-02-17 14:06:50,[ERROR] QzxH
2026-02-17 14:06:51,[INFO] jRNsPPqLi
2026-02-17 14:06:52,[ERROR] ShhgmmqG
2026-02-17 14:06:53,[DEBUG] RscEm5
2026-02-17 14:06:54,[WARNING] aP4ZP
2026-02-17 14:06:55,[DEBUG] WeS4
2026-02-17 14:06:56,[DEBUG] 9sCgkcs
2026-02-17 14:06:57,[WARNING] TfVc0Pk
2026-02-17 14:06:58,[WARNING] 7qTxvhy
2026-02-17 14:06:59,[INFO] ZQDA2k
2026-02-17 14:07:00,[DEBUG] T80g4DJBL
2026-02-17 14:07:01,[WARNING] bQZ8i5hz
2026-02-17 14:07:02,[ERROR] qtRQ
2026-02-17 14:07:03,[TRACE] J8PuGRfPp
2026-02-17 14:07:04,[WARNING] Px0I9dNj0
2026-02-17 14:07:05,[INFO] kUturFIxYe
2026-02-17 14:07:06,[INFO] JfEt8UbzcI
2026-02-17 14:07:07,[ERROR] LMsFmP6wdn
2026-02-17 14:07:08,[INFO] IMDOSh
2026-02-17 14:07:09,[DEBUG] vZ7s
2026-02-17 14:07:10,[TRACE] RckiSS
2026-02-17 14:07:11,[ERROR] Ll5yCW
2026-02-17 14:07:12,[WARNING] UcNP
2026-02-17 14:07:13,[ERROR] 3CKF7aTIAK
2026-02-17 14:07:14,[TRACE] 5kJThyL2Fx
2026-02-17 14:07:15,[TRACE] Vq78CizRU
2026-02-17 14:07:16,[WARNING] R1S6NmMsvP
2026-02-17 14:07:17,[DEBUG] HNSVIK6S
2026-02-17 14:07:18,[TRACE] 2Aagxd
2026-02-17 14:07:19,[ERROR] qW8Qj
2026-02-17 14:07:20,[ERROR] WmHwCMPIn
2026-02-17 14:07:21,[TRACE] oWXrP5y
2026-02-17 14:07:22,[WARNING] dUm11BnN
2026-02-17 14:07:23,[WARNING] KTmSlB8e7T
2026-02-17 14:07:24,[ERROR] crqj0aC
2026-02-17 14:07:25,[DEBUG] jud5
2026-02-17 14:07:26,[TRACE] PEJwWtnleF
2026-02-17 14:07:27,[INFO] HfnnuwnU
2026-02-17 14:07:28,[TRACE] 9Z8aPB4
2026-02-17 14:07:29,[TRACE] pc2xXhpS
2026-02-17 14:07:30,[ERROR] YxXBc3lF
2026-02-17 14:07:31,[ERROR] 8VHMn
2026-02-17 14:07:32,[DEBUG] QZmZ2TAYeQ
2026-02-17 14:07:33,[ERROR] ScelpeY
2026-02-17 14:07:34,[WARNING] yNAbPHN
2026-02-17 14:07:35,[TRACE] UKRe
2026-02-17 14:07:36,[TRACE] rQLr
2026-02-17 14:07:37,[INFO] yODHiyX
2026-02-17 14:07:38,[TRACE] 7iP4XT
2026-02-17 14:07:39,[WARNING] IIha
2026-02-17 14:07:40,[TRACE] H6sU4vz
2026-02-17 14:07:41,[TRACE] jnZml
2026-02-17 14:07:42,[TRACE] dU9INePpmJ
2026-02-17 14:07:43,[WARNING] hOgM3t
2026-02-17 14:07:44,[INFO] MsKJwt
2026-02-17 14:07:45,[INFO] apnTB
2026-02-17 14:07:46,[WARNING] QuDBW
2026-02-17 14:07:47,[INFO] gOfrZ3mT
2026-02-17 14:07:48,[ERROR] ebFbKzK4I
2026-02-17 14:07:49,[TRACE] DWwnVTsC
2026-02-17 14:07:50,[TRACE] yFP0
2026-02-17 14:07:51,[TRACE] kFBl6O7TD
2026-02-17 14:07:52,[WARNING] nEdw
2026-02-17 14:07:53,[ERROR] m4wDCc8uR
2026-02-17 14:07:54,[TRACE] ZZqHkOwOZ
2026-02-17 14:07:55,[TRACE] x4Gv1E
2026-02-17 14:07:56,[INFO] a2BoFrjj
2026-02-17 14:07:57,[TRACE] YOzuhPDKO
2026-02-17 14:07:58,[INFO] phKi
2026-02-17 14:07:59,[TRACE] 3jk5
2026-02-17 14:08:00,[TRACE] LIbSPrf
2026-02-17 14:08:01,[INFO] 91kZLXYl
2026-02-17 14:08:02,[TRACE] kQ5Kex
2026-02-17 14:08:03,[DEBUG] bG4Q
2026-02-17 14:08:04,[DEBUG] fDMcWFhD
2026-02-17 14:08:05,[DEBUG] Ha6QAA2R
2026-02-17 14:08:06,[INFO] 6DVvX
2026-02-17 14:08:07,[TRACE] ApV4
2026-02-17 14:08:08,[ERROR] LHpaUa
2026-02-17 14:08:09,[TRACE] GxmX
2026-02-17 14:08:10,[INFO] gAKqHJ
2026-02-17 14:08:11,[TRACE] 9ymIIl
2026-02-17 14:08:12,[TRACE] D9JWyi1h
2026-02-17 14:08:13,[DEBUG] W6gFWXM
2026-02-17 14:08:14,[ERROR] yNXZD
2026-02-17 14:08:15,[TRACE] fqwLS5y
2026-02-17 14:08:16,[TRACE] SL6YNB
2026-02-17 14:08:17,[DEBUG] OXrcLFokco
2026-02-17 14:08:18,[ERROR] fryPz
2026-02-17 14:08:19,[DEBUG] aR4ITIKv
2026-02-17 14:08:20,[WARNING] Lm5Jq
2026-02-17 14:08:21,[INFO] ges6X72Y
2026-02-17 14:08:22,[TRACE] R7IVU7
2026-02-17 14:08:23,[INFO] CKbheN9Po
2026-02-17 14:08:24,[WARNING] 7GaZpfP
2026-02-17 14:08:25,[WARNING] Iltn
2026-02-17 14:08:26,[TRACE] lU5lTo
2026-02-17 14:08:27,[DEBUG] qoZZwWhe7E
2026-02-17 14:08:28,[ERROR] 170xt32Jrl
2026-02-17 14:08:29,[TRACE] yUhGA6
2026-02-17 14:08:30,[ERROR] v1WChGta
2026-02-17 14:08:31,[DEBUG] KuLqIoD
2026-02-17 14:08:32,[TRACE] wEnRx0
2026-02-17 14:08:33,[WARNING] liJogqo
2026-02-17 14:08:34,[INFO] xj7jXkE90G
2026-02-17 14:08:35,[WARNING] Ep1cgknp0f
2026-02-17 14:08:36,[WARNING] wI5pbh
2026-02-17 14:08:37,[TRACE] JOH8r
2026-02-17 14:08:38,[WARNING] FWBeMC71N
2026-02-17 14:08:39,[WARNING] NJ0ekot
2026-02-17 14:08:40,[WARNING] qNqB1wK7z
2026-02-17 14:08:41,[DEBUG] bTP6Rekgd2
2026-02-17 14:08:42,[TRACE] byVf
2026-02-17 14:08:43,[WARNING] jO2tprMi
2026-02-17 14:08:44,[DEBUG] cw41
2026-02-17 14:08:45,[INFO] HqB8RkLNNI
2026-02-17 14:08:46,[TRACE] NtvHXBwqs
2026-02-17 14:08:47,[ERROR] Y0vDa56D
2026-02-17 14:08:48,[ERROR] AsoaxzIykT
2026-02-17 14:08:49,[INFO] xqAoV4YQrU
2026-02-17 14:08:50,[WARNING] leigCCR
2026-02-17 14:08:51,[INFO] tj8b8
2026-02-17 14:08:52,[WARNING] hBafan
2026-02-17 14:08:53,[INFO] WExRbe
2026-02-17 14:08:54,[DEBUG] qyHl
2026-02-17 14:08:55,[WARNING] xa8Sx8p9mT
2026-02-17 14:08:56,[ERROR] Pmy76jTU
2026-02-17 14:08:57,[TRACE] hDswdP8o
2026-02-17 14:08:58,[INFO] aXKyp8
2026-02-17 14:08:59,[TRACE] QQjVpEQu8V
2026-02-17 14:09:00,[ERROR] wjHg
2026-02-17 14:09:01,[INFO] tINv3
2026-02-17 14:09:02,[DEBUG] Qwi3
2026-02-17 14:09:03,[INFO] BsRllvTrZ
2026-02-17 14:09:04,[TRACE] ejsqw
2026-02-17 14:09:05,[ERROR] Nxlb1WoSOH
2026-02-17 14:09:06,[INFO] GEIMu
2026-02-17 14:09:07,[WARNING] fOc6
2026-02-17 14:09:08,[DEBUG] bglbNyEMKd
2026-02-17 14:09:09,[DEBUG] Sa5O5ZDN
2026-02-17 14:09:10,[WARNING] U3YXdMGT
2026-02-17 14:09:11,[WARNING] 67gS
2026-02-17 14:09:12,[TRACE] lGpMlUz
2026-02-17 14:09:13,[ERROR] NwCP2klyuj
2026-02-17 14:09:14,[TRACE] 53I90zN
2026-02-17 14:09:15,[WARNING] oHxIUwC7
2026-02-17 14:09:16,[ERROR] crbi3a9nt
2026-02-17 14:09:17,[WARNING] FJJfCjq3
2026-02-17 14:09:18,[DEBUG] psJJn
2026-02-17 14:09:19,[ERROR] uDE3RYfNc
2026-02-17 14:09:20,[TRACE] edVvYz1
2026-02-17 14:09:21,[DEBUG] OLaWxscHj
2026-02-17 14:09:22,[TRACE] ndTyBKFnr
2026-02-17 14:09:23,[INFO] ifJdy
2026-02-17 14:09:24,[ERROR] FViiIEO
2026-02-17 14:09:25,[DEBUG] MTpeWu5f
2026-02-17 14:09:26,[INFO] wlvOVkv
2026-02-17 14:09:27,[INFO] jcYmxU0g
2026-02-17 14:09:28,[ERROR] 651Ya
2026-02-17 14:09:29,[ERROR] BbmHmG
2026-02-17 14:09:30,[WARNING] DTiRbKPc
2026-02-17 14:09:31,[DEBUG] rWMd
2026-02-17 14:09:32,[ERROR] yq0O
2026-02-17 14:09:33,[ERROR] s2x8
2026-02-17 14:09:34,[TRACE] gt1GlFC5b
2026-02-17 14:09:35,[DEBUG] sEUbQws9
2026-02-17 14:09:36,[TRACE] YM23Yb
2026-02-17 14:09:37,[TRACE] nvyiTG
2026-02-17 14:09:38,[TRACE] Mooj84uHmi
2026-02-17 14:09:39,[TRACE] X1tRGi98i
2026-02-17 14:09:40,[TRACE] tI6ht
2026-02-17 14:09:41,[DEBUG] bt87sUYNT
2026-02-17 14:09:42,[DEBUG] lib9MLLKob
2026-02-17 14:09:43,[ERROR] Wi0DOlyDk
2026-02-17 14:09:44,[DEBUG] z856
2026-02-17 14:09:45,[DEBUG] Pmmk7BMQ1
2026-02-17 14:09:46,[DEBUG] zcTxtLU
2026-02-17 14:09:47,[TRACE] G2WGBZc9
2026-02-17 14:09:48,[TRACE] yTIFNdsy
2026-02-17 14:09:49,[WARNING] ZCAMdGiZCS
2026-02-17 14:09:50,[ERROR] W6Riz
2026-02-17 14:09:51,[INFO] lKSm
2026-02-17 14:09:52,[INFO] pQ4X
2026-02-17 14:09:53,[ERROR] hBwG
2026-02-17 14:09:54,[INFO] XF6xxV4JO
2026-02-17 14:09:55,[DEBUG] 1lSAt
2026-02-17 14:09:56,[INFO] MhimMp
2026-02-17 14:09:57,[INFO] 1Ha2oKD
2026-02-17 14:09:58,[INFO] eLpHMIZ
2026-02-17 14:09:59,[ERROR] jOc0P
2026-02-17 14:10:00,[TRACE] ufg9kr
2026-02-17 14:10:01,[TRACE] WkCJ5fsw
2026-02-17 14:10:02,[INFO] eAIsiRrGGR
2026-02-17 14:10:03,[TRACE] gTM9
2026-02-17 14:10:04,[INFO] Q59rLtG9v
2026-02-17 14:10:05,[DEBUG] IGNElLR8
2026-02-17 14:10:06,[ERROR] bMh0
2026-02-17 14:10:07,[TRACE] zuINamr
2026-02-17 14:10:08,[ERROR] sIVhuy
2026-02-17 14:10:09,[TRACE] 7ZmZ5DDc
2026-02-17 14:10:10,[DEBUG] jC13CY5
2026-02-17 14:10:11,[ERROR] GJQIbJu4Xe
2026-02-17 14:10:12,[DEBUG] 0vxHkL
2026-02-17 14:10:13,[DEBUG] hWt1Sqf2
2026-02-17 14:10:14,[WARNING] ZsGkxcm
2026-02-17 14:10:15,[ERROR] FX4jvD2
2026-02-17 14:10:16,[WARNING] uVg8G9mcy1
2026-02-17 14:10:17,[ERROR] tc02
2026-02-17 14:10:18,[WARNING] 3gVUbVN
2026-02-17 14:10:19,[DEBUG] mrHVPq
2026-02-17 14:10:20,[DEBUG] h7IgHI
2026-02-17 14:10:21,[WARNING] 6XJkt
2026-02-17 14:10:22,[WARNING] BiDPgdAl
2026-02-17 14:10:23,[TRACE] NQBwumVY
2026-02-17 14:10:24,[ERROR] VJfXRgtNVD
2026-02-17 14:10:25,[DEBUG] 1M4yR
2026-02-17 14:10:26,[WARNING] 1uEegD0rvJ
2026-02-17 14:10:27,[TRACE] zSgI
2026-02-17 14:10:28,[ERROR] sCKopjDemR
2026-02-17 14:10:29,[INFO] 8JvRkPTSZh
2026-02-17 14:10:30,[TRACE] ugBtzLQ
2026-02-17 14:10:31,[TRACE] YuNdniKUYU
2026-02-17 14:10:32,[DEBUG] GyJmQtJ
2026-02-17 14:10:33,[WARNING] S49KLF0
2026-02-17 14:10:34,[WARNING] wIdR
2026-02-17 14:10:35,[WARNING] 11oR
2026-02-17 14:10:36,[INFO] txxHPDlx5
2026-02-17 14:10:37,[INFO] r2haO
2026-02-17 14:10:38,[DEBUG] 2O8iiX13R
2026-02-17 14:10:39,[INFO] lFIBwlLJ
2026-02-17 14:10:40,[DEBUG] FzHw8JRhD
2026-02-17 14:10:41,[ERROR] TG1Ur
2026-02-17 14:10:42,[TRACE] GLpN
2026-02-17 14:10:43,[ERROR] NXtdvWDFD
2026-02-17 14:10:44,[WARNING] v8skRLs
2026-02-17 14:10:45,[TRACE] dDkd9Y
2026-02-17 14:10:46,[TRACE] rfF0
2026-02-17 14:10:47,[WARNING] ir1agk
2026-02-17 14:10:48,[TRACE] jBYqREX1v
2026-02-17 14:10:49,[ERROR] KYZUz
2026-02-17 14:10:50,[INFO] OTkJ0
2026-02-17 14:10:51,[ERROR] qYdCDD65o
2026-02-17 14:10:52,[INFO] qGArXxt
2026-02-17 14:10:53,[TRACE] 7gGv0LOqq
2026-02-17 14:10:54,[ERROR] OyVUTK
2026-02-17 14:10:55,[DEBUG] uQlHPZag
2026-02-17 14:10:56,[ERROR] Bnrlbf6OZ
2026-02-17 14:10:57,[TRACE] h7fLxVOXl
2026-02-17 14:10:58,[ERROR] lsOeC9VQP
2026-02-17 14:10:59,[WARNING] keWxud
2026-02-17 14:11:00,[WARNING] BE5Ll
2026-02-17 14:11:01,[INFO] iVnN
2026-02-17 14:11:02,[INFO] qceTWbEOa
2026-02-17 14:11:03,[ERROR] yjuyaRVDz
2026-02-17 14:11:04,[ERROR] oxQWhH9u
2026-02-17 14:11:05,[WARNING] d9Ow0v0
2026-02-17 14:11:06,[WARNING] mI7OsygQE
2026-02-17 14:11:07,[INFO] lcb9oyXNE
2026-02-17 14:11:08,[INFO] cdWc
2026-02-17 14:11:09,[ERROR] YPCQ2
2026-02-17 14:11:10,[DEBUG] J5ciOD4cR
2026-02-17 14:11:11,[DEBUG] kdtX
2026-02-17 14:11:12,[INFO] kKYgEXnX
2026-02-17 14:11:13,[INFO] Y8Qu8J
2026-02-17 14:11:14,[DEBUG] ZXVKuh
2026-02-17 14:11:15,[DEBUG] zRIB5cg0LW
2026-02-17 14:11:16,[ERROR] fa5RKrQ
2026-02-17 14:11:17,[INFO] hiqBokQKS
2026-02-17 14:11:18,[TRACE] MWva
2026-02-17 14:11:19,[DEBUG] hGfwV
2026-02-17 14:11:20,[TRACE] nVOrmXQ8
2026-02-17 14:11:21,[INFO] kPcNrAu
2026-02-17 14:11:22,[INFO] gdHj
2026-02-17 14:11:23,[ERROR] FeoBJzU
2026-02-17 14:11:24,[WARNING] WugT1
2026-02-17 14:11:25,[INFO] eKdBn
2026-02-17 14:11:26,[TRACE] lxCmwqu
2026-02-17 14:11:27,[ERROR] JrgCzVnsj
2026-02-17 14:11:28,[TRACE] JIozG
2026-02-17 14:11:29,[DEBUG] DCaA2pAn
2026-02-17 14:11:30,[TRACE] 43zc9
2026-02-17 14:11:31,[TRACE] AyYR
2026-02-17 14:11:32,[ERROR] EfUQznw
2026-02-17 14:11:33,[DEBUG] 9aPkCJK8C
2026-02-17 14:11:34,[DEBUG] Rl2MRaMxQG
2026-02-17 14:11:35,[WARNING] URLJmQM
2026-02-17 14:11:36,[WARNING] 5F4wdxCcw
2026-02-17 14:11:37,[TRACE] eRm8ohD6J
2026-02-17 14:11:38,[DEBUG] UnvqQrdvEG
2026-02-17 14:11:39,[ERROR] SQHsMX6
2026-02-17 14:11:40,[ERROR] 3Ce3r
2026-02-17 14:11:41,[ERROR] kgjj
2026-02-17 14:11:42,[DEBUG] 7bzQ5DAT
2026-02-17 14:11:43,[ERROR] lbXZGu
2026-02-17 14:11:44,[TRACE] OWEPGI
2026-02-17 14:11:45,[INFO] J3tWox
2026-02-17 14:11:46,[WARNING] 0jr7MjHlkR
2026-02-17 14:11:47,[DEBUG] octhq
2026-02-17 14:11:48,[DEBUG] Ictvx
2026-02-17 14:11:49,[TRACE] Hhb5V
2026-02-17 14:11:50,[INFO] j8HFOs
2026-02-17 14:11:51,[WARNING] 8JjJ4BQT3i
2026-02-17 14:11:52,[TRACE] ty0B
2026-02-17 14:11:53,[ERROR] dNKn6r
2026-02-17 14:11:54,[ERROR] HBPf
2026-02-17 14:11:55,[TRACE] mtL64wj
2026-02-17 14:11:56,[INFO] xavtBI
2026-02-17 14:11:57,[DEBUG] 3TzBkT3Tz
2026-02-17 14:11:58,[TRACE] fmD19e7U
2026-02-17 14:11:59,[ERROR] z4zI
2026-02-17 14:12:00,[TRACE] 4mZrEZsKET
2026-02-17 14:12:01,[DEBUG] XjsN
2026-02-17 14:12:02,[INFO] O3zE
2026-02-17 14:12:03,[DEBUG] hr9e
2026-02-17 14:12:04,[WARNING] DBpQ8YxT
2026-02-17 14:12:05,[ERROR] qKjCQwdwN7
2026-02-17 14:12:06,[ERROR] sNemMV
2026-02-17 14:12:07,[TRACE] kut0XqRwHv
2026-02-17 14:12:08,[DEBUG] irWz
2026-02-17 14:12:09,[DEBUG] nFZX
2026-02-17 14:12:10,[TRACE] Q70SRXz4
2026-02-17 14:12:11,[ERROR] ibvQiB9G8k
2026-02-17 14:12:12,[WARNING] UhhR
2026-02-17 14:12:13,[DEBUG] hieQWe
2026-02-17 14:12:14,[INFO] AmcOKD4csa
2026-02-17 14:12:15,[ERROR] hLKmPbjUrJ
2026-02-17 14:12:16,[WARNING] 1WMFe
2026-02-17 14:12:17,[TRACE] anlr3H8gnF
2026-02-17 14:12:18,[INFO] RlPgZ8
2026-02-17 14:12:19,[INFO] FzVtC
2026-02-17 14:12:20,[TRACE] EwrSf
2026-02-17 14:12:21,[INFO] xCTQ
2026-02-17 14:12:22,[INFO] Is1le
2026-02-17 14:12:23,[INFO] waPPyGPhy
2026-02-17 14:12:24,[TRACE] T3kw
2026-02-17 14:12:25,[DEBUG] m0zoAE
2026-02-17 14:12:26,[TRACE] qWNyDLzE
2026-02-17 14:12:27,[WARNING] VgpEM
2026-02-17 14:12:28,[DEBUG] gdeQ
2026-02-17 14:12:29,[DEBUG] LusMVOG
2026-02-17 14:12:30,[INFO] CsEFHYHbV9
2026-02-17 14:12:31,[ERROR] B0BckOW
2026-02-17 14:12:32,[DEBUG] AtyVJEI
2026-02-17 14:12:33,[TRACE] DIjdqKxP
2026-02-17 14:12:34,[WARNING] dKhwYK
2026-02-17 14:12:35,[WARNING] gvwvOpO
2026-02-17 14:12:36,[TRACE] 4esu
2026-02-17 14:12:37,[ERROR] uC1J3qRK
2026-02-17 14:12:38,[WARNING] JtgEQmE
2026-02-17 14:12:39,[WARNING] MwBE0
2026-02-17 14:12:40,[ERROR] 0nqsJXM7SJ
2026-02-17 14:12:41,[TRACE] qJGAve
2026-02-17 14:12:42,[WARNING] XAHmyMCV
2026-02-17 14:12:43,[DEBUG] MGlE
2026-02-17 14:12:44,[INFO] 6HMVAJ
2026-02-17 14:12:45,[ERROR] mCoUV0z1
2026-02-17 14:12:46,[ERROR] mzZOpLzhl
2026-02-17 14:12:47,[DEBUG] ZCIBOcjiqX
2026-02-17 14:12:48,[TRACE] NcSWd
2026-02-17 14:12:49,[ERROR] L13zwO
2026-02-17 14:12:50,[ERROR] 6SigT5G
2026-02-17 14:12:51,[TRACE] 5p2ohYuKyU
2026-02-17 14:12:52,[DEBUG] ngnrz1d
2026-02-17 14:12:53,[TRACE] RhHDpr
2026-02-17 14:12:54,[DEBUG] DwtO4c
2026-02-17 14:12:55,[ERROR] 4PpxNR3QH
2026-02-17 14:12:56,[DEBUG] Ba754s6Us1
2026-02-17 14:12:57,[DEBUG] N2Vzc1Z
2026-02-17 14:12:58,[INFO] T5uA4gj
2026-02-17 14:12:59,[WARNING] eATHuRVN
2026-02-17 14:13:00,[DEBUG] BNamsJgpS
2026-02-17 14:13:01,[DEBUG] Kz6B2ikKur
2026-02-17 14:13:02,[ERROR] wyxZJbb
2026-02-17 14:13:03,[TRACE] LofCq0dML
2026-02-17 14:13:04,[DEBUG] 7kJa
2026-02-17 14:13:05,[TRACE] V5ZEnm6
2026-02-17 14:13:06,[WARNING] UxAmnZ
2026-02-17 14:13:07,[DEBUG] lXb8oBp
2026-02-17 14:13:08,[TRACE] OfD28ynxA
2026-02-17 14:13:09,[TRACE] eId5Dv
2026-02-17 14:13:10,[TRACE] 7LUcpMsyw
2026-02-17 14:13:11,[TRACE] JqF5
2026-02-17 14:13:12,[INFO] fSAqt
2026-02-17 14:13:13,[DEBUG] 2ZU5r2M
2026-02-17 14:13:14,[WARNING] t3t9Vj0O
2026-02-17 14:13:15,[INFO] ldlD
2026-02-17 14:13:16,[DEBUG] Ch3EB9ICg
2026-02-17 14:13:17,[DEBUG] vmrZ
2026-02-17 14:13:18,[TRACE] q3KK8GJzeV
2026-02-17 14:13:19,[ERROR] bQQyK6
2026-02-17 14:13:20,[WARNING] bCRDM
2026-02-17 14:13:21,[WARNING] OucMC694
2026-02-17 14:13:22,[TRACE] ndNud
2026-02-17 14:13:23,[ERROR] 7xyl71f0
2026-02-17 14:13:24,[DEBUG] WrUOhEA
2026-02-17 14:13:25,[WARNING] LwfwmByqL
2026-02-17 14:13:26,[ERROR] AwlNfF8POS
2026-02-17 14:13:27,[INFO] NGsB4Djh
2026-02-17 14:13:28,[WARNING] pAJI4FFzCS
2026-02-17 14:13:29,[WARNING] pfFhPl
2026-02-17 14:13:30,[DEBUG] yf2sKCPMq7
2026-02-17 14:13:31,[DEBUG] lUL2g
2026-02-17 14:13:32,[TRACE] ahkD
2026-02-17 14:13:33,[INFO] OUTsYMQ7PX
2026-02-17 14:13:34,[ERROR] ilYRl
2026-02-17 14:13:35,[ERROR] Dio01
2026-02-17 14:13:36,[TRACE] fVjAh
2026-02-17 14:13:37,[DEBUG] R7D1KmJZd
2026-02-17 14:13:38,[ERROR] NS80
2026-02-17 14:13:39,[TRACE] T9cyFS54
2026-02-17 14:13:40,[INFO] SGAtd
2026-02-17 14:13:41,[INFO] hMOBBkT
2026-02-17 14:13:42,[INFO] BFKQ50
2026-02-17 14:13:43,[INFO] 2Syz6
2026-02-17 14:13:44,[WARNING] D8kmQfDkjE
2026-02-17 14:13:45,[INFO] smcb2wj
2026-02-17 14:13:46,[TRACE] Yuho
2026-02-17 14:13:47,[TRACE] E9WVV
2026-02-17 14:13:48,[TRACE] 302Lgd
2026-02-17 14:13:49,[INFO] C0ggLW6Zcg
2026-02-17 14:13:50,[ERROR] mwTRVE1jwY
2026-02-17 14:13:51,[ERROR] m8VaZDrkqS
2026-02-17 14:13:52,[INFO] NpUGWi
2026-02-17 14:13:53,[INFO] 437GQ6B
2026-02-17 14:13:54,[ERROR] X6ft8kdVO
2026-02-17 14:13:55,[DEBUG] dNSOGsyQ
2026-02-17 14:13:56,[TRACE] sU4arG5RBm
2026-02-17 14:13:57,[TRACE] WOR3Wzms
2026-02-17 14:13:58,[ERROR] uSTh9rfI
2026-02-17 14:13:59,[TRACE] UjbXKo
2026-02-17 14:14:00,[WARNING] AFT0qFhU6
2026-02-17 14:14:01,[INFO] JavoUK
2026-02-17 14:14:02,[TRACE] KvrWSPSGpu
2026-02-17 14:14:03,[TRACE] ZwgSZ
2026-02-17 14:14:04,[ERROR] d3DB
2026-02-17 14:14:05,[WARNING] GKGyqEAB5
2026-02-17 14:14:06,[INFO] 8ZihSiR1h
2026-02-17 14:14:07,[DEBUG] DU6w7Lz
2026-02-17 14:14:08,[ERROR] Jcjx9s
2026-02-17 14:14:09,[INFO] XiKd
2026-02-17 14:14:10,[WARNING] nYEhv1
2026-02-17 14:14:11,[INFO] JJ3WDSL
2026-02-17 14:14:12,[DEBUG] NVPjTfMM
2026-02-17 14:14:13,[INFO] 3vcPB
2026-02-17 14:14:14,[WARNING] fkbNVtNNf
2026-02-17 14:14:15,[TRACE] JdJlD3h6
2026-02-17 14:14:16,[DEBUG] rmZ0
2026-02-17 14:14:17,[TRACE] fHtKE5v
2026-02-17 14:14:18,[DEBUG] bGxf8Hr
2026-02-17 14:14:19,[DEBUG] Vj7Qd7
2026-02-17 14:14:20,[DEBUG] Ssgi
2026-02-17 14:14:21,[WARNING] xZhmUK
2026-02-17 14:14:22,[INFO] UxhdCzEz
2026-02-17 14:14:23,[DEBUG] q7Pp
2026-02-17 14:14:24,[TRACE] WszfNm8x9
2026-02-17 14:14:25,[DEBUG] 77IcY7MO
2026-02-17 14:14:26,[DEBUG] d5qp
2026-02-17 14:14:27,[INFO] 0n0rkH
2026-02-17 14:14:28,[ERROR] fRZS92
2026-02-17 14:14:29,[DEBUG] FX26N8Rq
2026-02-17 14:14:30,[WARNING] n7u4i5
2026-02-17 14:14:31,[TRACE] aakIREy
2026-02-17 14:14:32,[ERROR] 2OH3YBh8xL
2026-02-17 14:14:33,[INFO] 0Y8hw
2026-02-17 14:14:34,[DEBUG] aUVQRlY
2026-02-17 14:14:35,[WARNING] SoEwr4RmmY
2026-02-17 14:14:36,[INFO] 1JEI
2026-02-17 14:14:37,[TRACE] QJeheqJoG
2026-02-17 14:14:38,[WARNING] 0b8QM
2026-02-17 14:14:39,[TRACE] aAPO0u0
2026-02-17 14:14:40,[INFO] hGEGcS
2026-02-17 14:14:41,[ERROR] 4Htyu2
2026-02-17 14:14:42,[ERROR] nQ74mudMb
2026-02-17 14:14:43,[INFO] bX50pD7ZYG
2026-02-17 14:14:44,[DEBUG] WMVM
2026-02-17 14:14:45,[TRACE] fdct
2026-02-17 14:14:46,[ERROR] h4BsMeQIsx
2026-02-17 14:14:47,[ERROR] UoLOaxX2
2026-02-17 14:14:48,[TRACE] v6WC
2026-02-17 14:14:49,[WARNING] lgKeWmJN
2026-02-17 14:14:50,[WARNING] ASBpXd
2026-02-17 14:14:51,[WARNING] B7Ut2Wjt
2026-02-17 14:14:52,[WARNING] waKQdF
2026-02-17 14:14:53,[TRACE] dv8NmelDQC
2026-02-17 14:14:54,[WARNING] J7MzkCWcna
2026-02-17 14:14:55,[DEBUG] oMoT7uTml
2026-02-17 14:14:56,[ERROR] awIiBN
2026-02-17 14:14:57,[WARNING] 8mrn
2026-02-17 14:14:58,[WARNING] k0pmkqgZi
2026-02-17 14:14:59,[ERROR] 6soYO6
2026-02-17 14:15:00,[TRACE] 2ei5Xlx
2026-02-17 14:15:01,[WARNING] L8pcMl
2026-02-17 14:15:02,[TRACE] WudX20
2026-02-17 14:15:03,[TRACE] mfDPeFU
2026-02-17 14:15:04,[TRACE] ECtxRS
2026-02-17 14:15:05,[INFO] qy5Kcnm
2026-02-17 14:15:06,[DEBUG] nAxj0pf
2026-02-17 14:15:07,[ERROR] BvKCMA
2026-02-17 14:15:08,[INFO] zXtxloO
2026-02-17 14:15:09,[WARNING] sFHe
2026-02-17 14:15:10,[WARNING] gecmm
2026-02-17 14:15:11,[WARNING] sYQrR9
2026-02-17 14:15:12,[TRACE] asYWzz
2026-02-17 14:15:13,[TRACE] ODFVjyoUDF
2026-02-17 14:15:14,[TRACE] DYvf0A6zB0
2026-02-17 14:15:15,[ERROR] i2sTEO
2026-02-17 14:15:16,[WARNING] nAUVQs
2026-02-17 14:15:17,[TRACE] Jbi8
2026-02-17 14:15:18,[WARNING] NLL18myH
2026-02-17 14:15:19,[DEBUG] gJB3fgI
2026-02-17 14:15:20,[ERROR] QEle7roOed
2026-02-17 14:15:21,[TRACE] k1zj
2026-02-17 14:15:22,[ERROR] HDe71
2026-02-17 14:15:23,[DEBUG] mARDL6KFQr
2026-02-17 14:15:24,[ERROR] BZLpu
2026-02-17 14:15:25,[TRACE] CJTr2CR
2026-02-17 14:15:26,[WARNING] MYkp3TC
2026-02-17 14:15:27,[DEBUG] Jy6o1qMs4
2026-02-17 14:15:28,[DEBUG] zVhwUFW
2026-02-17 14:15:29,[INFO] kmcbNPC
2026-02-17 14:15:30,[WARNING] ymcpRiPCC
2026-02-17 14:15:31,[ERROR] OSBDrkZL
2026-02-17 14:15:32,[DEBUG] hTkPaq
2026-02-17 14:15:33,[INFO] lS3HBc
2026-02-17 14:15:34,[TRACE] POgQBLdxm
2026-02-17 14:15:35,[DEBUG] 4mabaY
2026-02-17 14:15:36,[ERROR] 7fZPS
2026-02-17 14:15:37,[ERROR] FYuMM5y
2026-02-17 14:15:38,[INFO] ogua
2026-02-17 14:15:39,[WARNING] yCeY
2026-02-17 14:15:40,[TRACE] c2zVE9
2026-02-17 14:15:41,[TRACE] 90k7L8RQ8R
2026-02-17 14:15:42,[WARNING] N2t0D
2026-02-17 14:15:43,[WARNING] LKxN
2026-02-17 14:15:44,[DEBUG] K9oM3tTU
2026-02-17 14:15:45,[TRACE] dxsj
2026-02-17 14:15:46,[DEBUG] c5L6TurNV
2026-02-17 14:15:47,[TRACE] 8Orb0upH4P
2026-02-17 14:15:48,[DEBUG] QSLxtBa1el
2026-02-17 14:15:49,[DEBUG] hkIXm
2026-02-17 14:15:50,[TRACE] ACkm
2026-02-17 14:15:51,[INFO] LsJ7m
2026-02-17 14:15:52,[INFO] 6wxD
2026-02-17 14:15:53,[INFO] LAj7DVAf
2026-02-17 14:15:54,[WARNING] HIkxsrID
2026-02-17 14:15:55,[WARNING] Sm4a1
2026-02-17 14:15:56,[WARNING] zzyUxt9
2026-02-17 14:15:57,[ERROR] 29h5kV7
2026-02-17 14:15:58,[WARNING] RNwdxApD
2026-02-17 14:15:59,[WARNING] RbPjL6jpJ
2026-02-17 14:16:00,[DEBUG] hfSx
2026-02-17 14:16:01,[TRACE] GlAZ
2026-02-17 14:16:02,[WARNING] s7Oxtz2Tf
2026-02-17 14:16:03,[TRACE] XYqmURakEg
2026-02-17 14:16:04,[INFO] zrAkliEF
2026-02-17 14:16:05,[ERROR] JnmUYl8
2026-02-17 14:16:06,[INFO] MM1ksxr
2026-02-17 14:16:07,[WARNING] KDPg
2026-02-17 14:16:08,[ERROR] UaK9gG
2026-02-17 14:16:09,[ERROR] L9V5DuA
2026-02-17 14:16:10,[WARNING] 39Y6Pxdwu
2026-02-17 14:16:11,[ERROR] CRS3
2026-02-17 14:16:12,[DEBUG] L1rR
2026-02-17 14:16:13,[DEBUG] CQ1FOa
2026-02-17 14:16:14,[WARNING] N28T
2026-02-17 14:16:15,[INFO] LyLfA
2026-02-17 14:16:16,[INFO] 14TsmiGJ1
2026-02-17 14:16:17,[TRACE] hXsP
2026-02-17 14:16:18,[TRACE] C37DHpk6Rg
2026-02-17 14:16:19,[ERROR] 5uxrS
2026-02-17 14:16:20,[INFO] hiHSfQ25V
2026-02-17 14:16:21,[TRACE] NxST
2026-02-17 14:16:22,[INFO] NI1YnhffT
2026-02-17 14:16:23,[DEBUG] 6JhtxTtKl
2026-02-17 14:16:24,[INFO] twQXGLn
2026-02-17 14:16:25,[INFO] HCi6
2026-02-17 14:16:26,[DEBUG] QjrU0Zc
2026-02-17 14:16:27,[WARNING] FQq0JN
2026-02-17 14:16:28,[DEBUG] s7dYjS0
2026-02-17 14:16:29,[DEBUG] T5W1TsY4j
2026-02-17 14:16:30,[ERROR] yADvyeTr
2026-02-17 14:16:31,[DEBUG] 1yiUJX0RC
2026-02-17 14:16:32,[DEBUG] iRsinUTa
2026-02-17 14:16:33,[TRACE] Q9j6
2026-02-17 14:16:34,[INFO] 05f8ld8OK
2026-02-17 14:16:35,[DEBUG] SphysKkUW
2026-02-17 14:16:36,[ERROR] CYxNBahhN4
2026-02-17 14:16:37,[DEBUG] K9DR
2026-02-17 14:16:38,[ERROR] Kx9RshuS1H
2026-02-17 14:16:39,[INFO] RyYWGdZHYO
